PACIFIC Exchange Rate Service,,,,,,,,,,,,
Jul.Day,YYYY/MM/DD,Wdy,TWD/XDR,THB/XDR,TTD/XDR,TND/XDR,TRY/XDR,AED/XDR,USD/XDR,UYU/XDR,VEF/XDR,VND/XDR
2458851,2020/1/2,Thu,41.531,41.685,,,8.2414,,1.3835,,,
2458852,2020/1/3,Fri,41.543,41.717,,,8.2609,,1.3828,,,
2458855,2020/1/6,Mon,41.623,41.705,,,8.2652,,1.3841,,,
2458856,2020/1/7,Tue,41.547,41.896,,,8.2578,,1.3825,,,
2458857,2020/1/8,Wed,41.47,41.938,,,8.1865,,1.3808,,,
2458858,2020/1/9,Thu,41.351,41.86,,,8.1031,,1.3797,,,
2458859,2020/1/10,Fri,41.37,41.663,,,8.1029,,1.3802,,,
2458862,2020/1/13,Mon,41.269,41.727,,,8.0998,,1.3806,,,
2458863,2020/1/14,Tue,41.28,41.731,,,8.122,,1.3804,,,
2458864,2020/1/15,Wed,41.363,41.709,,,8.1217,,1.3816,,,
2458865,2020/1/16,Thu,41.345,41.983,,,8.089,,1.3816,,,
2458866,2020/1/17,Fri,41.341,41.954,,,8.1338,,1.3799,,,
2458869,2020/1/20,Mon,41.327,41.812,,,8.1606,,1.3792,,,
2458870,2020/1/21,Tue,41.419,41.972,,,8.1824,,1.3795,,,
2458871,2020/1/22,Wed,41.39,42.14,,,8.1696,,1.3797,,,
2458872,2020/1/23,Thu,41.404,42.042,,,8.1818,,1.3783,,,
2458873,2020/1/24,Fri,41.376,42.107,,,8.1797,,1.377,,,
2458876,2020/1/27,Mon,41.5,42.276,,,8.1895,,1.3767,,,
2458877,2020/1/28,Tue,41.423,42.398,,,8.1781,,1.3757,,,
2458878,2020/1/29,Wed,41.394,42.661,,,8.1983,,1.3755,,,
2458879,2020/1/30,Thu,41.8,42.975,,,8.239,,1.3776,,,
2458880,2020/1/31,Fri,41.912,43.031,,,8.2573,,1.3803,,,
2458883,2020/2/3,Mon,41.681,42.852,,,8.2385,,1.3765,,,
2458884,2020/2/4,Tue,41.458,42.574,,,8.2207,,1.3757,,,
2458885,2020/2/5,Wed,41.248,42.562,,,8.2254,,1.3741,,,
2458886,2020/2/6,Thu,41.246,42.701,,,8.2176,,1.3727,,,
2458887,2020/2/7,Fri,41.359,42.88,,,8.2457,,1.3709,,,
2458890,2020/2/10,Mon,41.24,42.902,,,8.2424,,1.3701,,,
2458891,2020/2/11,Tue,41.145,42.828,,,8.2494,,1.3703,,,
2458892,2020/2/12,Wed,41.055,42.579,,,8.2785,,1.3691,,,
2458893,2020/2/13,Thu,41.045,42.605,,,8.2746,,1.3683,,,
2458894,2020/2/14,Fri,41.077,42.709,,,8.2792,,1.3679,,,
2458898,2020/2/18,Tue,41.15,42.638,,,8.2846,,1.366,,,
2458899,2020/2/19,Wed,41.128,42.572,,,8.2955,,1.3637,,,
2458900,2020/2/20,Thu,41.417,42.807,,,8.3063,,1.3618,,,
2458901,2020/2/21,Fri,41.503,43.053,,,8.3314,,1.3646,,,
2458904,2020/2/24,Mon,41.573,43.314,,,8.3664,,1.3653,,,
2458905,2020/2/25,Tue,41.521,43.364,,,8.3964,,1.3675,,,
2458906,2020/2/26,Wed,41.424,43.576,,,8.417,,1.3669,,,
2458907,2020/2/27,Thu,41.463,43.441,,,8.4787,,1.3713,,,
2458908,2020/2/28,Fri,41.46,43.279,,,8.5655,,1.3733,,,
2458911,2020/3/2,Mon,41.272,43.382,,,8.5691,,1.3801,,,
2458912,2020/3/3,Tue,41.246,43.55,,,8.4416,,1.3809,,,
2458913,2020/3/4,Wed,41.314,43.382,,,8.4016,,1.3808,,,
2458914,2020/3/5,Thu,41.473,43.658,,,8.4648,,1.385,,,
2458915,2020/3/6,Fri,41.673,43.757,,,8.4822,,1.3917,,,
2458918,2020/3/9,Mon,42.013,44.011,,,8.5825,,1.4005,,,
2458919,2020/3/10,Tue,41.745,43.956,,,8.5524,,1.3927,,,
2458920,2020/3/11,Wed,41.84,43.646,,,8.6113,,1.3902,,,
2458921,2020/3/12,Thu,41.646,43.752,,,8.6795,,1.3811,,,
2458922,2020/3/13,Fri,41.403,43.76,,,8.6773,,1.3745,,,
2458925,2020/3/16,Mon,41.626,44.466,,,8.8441,,1.3769,,,
2458926,2020/3/17,Tue,41.349,44.304,,,8.7852,,1.3672,,,
2458927,2020/3/18,Wed,41.262,44.329,,,8.8001,,1.3586,,,
2458928,2020/3/19,Thu,41.048,43.886,,,8.8169,,1.3485,,,
2458929,2020/3/20,Fri,40.799,44.119,,,8.8193,,1.3476,,,
2458932,2020/3/23,Mon,40.786,44.628,,,8.8742,,1.3487,,,
2458933,2020/3/24,Tue,40.78,44.284,,,8.7324,,1.3517,,,
2458934,2020/3/25,Wed,40.966,44.191,,,8.7154,,1.3528,,,
2458935,2020/3/26,Thu,41.239,44.499,,,8.7374,,1.3643,,,
2458936,2020/3/27,Fri,41.368,44.35,,,8.8277,,1.3691,,,
2458939,2020/3/30,Mon,41.447,44.751,,,9.006,,1.3691,,,
2458940,2020/3/31,Tue,41.382,44.637,,,9.0084,,1.3677,,,
2458941,2020/4/1,Wed,41.38,44.95,,,9.1387,,1.3659,,,
2458942,2020/4/2,Thu,41.189,44.979,,,9.0392,,1.363,,,
2458943,2020/4/3,Fri,41.104,44.706,,,9.1311,,1.3585,,,
2458946,2020/4/6,Mon,41.059,44.526,,,9.198,,1.3582,,,
2458947,2020/4/7,Tue,41.025,44.579,,,9.2183,,1.3637,,,
2458948,2020/4/8,Wed,41.039,44.71,,,9.2343,,1.3627,,,
2458949,2020/4/9,Thu,41.059,44.636,,,9.1149,,1.3661,,,
2458953,2020/4/13,Mon,41.123,,,,9.2827,,1.3668,,,
2458954,2020/4/14,Tue,41.206,44.784,,,9.3309,,1.3704,,,
2458955,2020/4/15,Wed,41.125,44.734,,,9.4346,,1.3664,,,
2458956,2020/4/16,Thu,41.063,44.588,,,9.4682,,1.3637,,,
2458957,2020/4/17,Fri,41.034,44.296,,,9.4564,,1.3649,,,
2458960,2020/4/20,Mon,40.952,44.24,,,9.47,,1.3641,,,
2458961,2020/4/21,Tue,40.991,44.312,,,9.5082,,1.3617,,,
2458962,2020/4/22,Wed,40.984,44.089,,,9.5211,,1.3614,,,
2458963,2020/4/23,Thu,40.925,43.757,,,9.4595,,1.3608,,,
2458964,2020/4/24,Fri,40.946,44.26,,,9.5048,,1.3606,,,
2458967,2020/4/27,Mon,40.941,44.238,,,9.5237,,1.3628,,,
2458968,2020/4/28,Tue,40.899,44.317,,,9.5383,,1.3641,,,
2458969,2020/4/29,Wed,40.777,44.139,,,9.5038,,1.3646,,,
2458970,2020/4/30,Thu,40.714,44.449,,,9.5628,,1.3681,,,
2458971,2020/5/1,Fri,40.961,,,,9.6237,,1.3704,,,
2458974,2020/5/4,Mon,40.76,44.277,,,9.6303,,1.3668,,,
2458975,2020/5/5,Tue,40.749,44.256,,,9.6679,,1.3649,,,
2458976,2020/5/6,Wed,40.843,44.228,,,9.7849,,1.362,,,
2458977,2020/5/7,Thu,40.771,43.973,,,9.7173,,1.3617,,,
2458978,2020/5/8,Fri,40.731,43.947,,,9.7065,,1.364,,,
2458981,2020/5/11,Mon,40.662,43.883,,,9.6246,,1.3607,,,
2458982,2020/5/12,Tue,40.752,43.861,,,9.5312,,1.3629,,,
2458983,2020/5/13,Wed,40.737,43.804,,,9.5007,,1.3617,,,
2458984,2020/5/14,Thu,40.692,43.616,,,9.4425,,1.3591,,,
2458985,2020/5/15,Fri,40.723,43.596,,,9.3922,,1.3594,,,
2458989,2020/5/19,Tue,40.861,43.435,,,9.2646,,1.3644,,,
2458990,2020/5/20,Wed,40.904,43.516,,,9.2784,,1.3665,,,
2458991,2020/5/21,Thu,40.86,43.48,,,9.2802,,1.3652,,,
2458992,2020/5/22,Fri,40.976,43.462,,,9.2788,,1.3619,,,
2458995,2020/5/25,Mon,40.936,43.538,,,9.2805,,1.3618,,,
2458996,2020/5/26,Tue,40.957,43.46,,,9.1913,,1.3663,,,
2458997,2020/5/27,Wed,41.011,43.598,,,9.2487,,1.3652,,,
2458998,2020/5/28,Thu,41.051,43.65,,,9.3325,,1.369,,,
2458999,2020/5/29,Fri,41.151,43.827,,,9.3634,,1.3712,,,
2459002,2020/6/1,Mon,41.073,43.261,,,9.3565,,1.3729,,,
2459003,2020/6/2,Tue,41.14,43.399,,,9.2428,,1.3753,,,
2459004,2020/6/3,Wed,41.2,43.315,,,9.2896,,1.3772,,,
2459005,2020/6/4,Thu,41.289,43.588,,,9.3278,,1.3804,,,
2459006,2020/6/5,Fri,41,43.378,,,9.359,,1.3806,,,
2459009,2020/6/8,Mon,41.063,43.374,,,9.3833,,1.3819,,,
2459010,2020/6/9,Tue,41.145,43.334,,,9.4129,,1.3843,,,
2459011,2020/6/10,Wed,40.995,43.198,,,9.4125,,1.3869,,,
2459012,2020/6/11,Thu,41.096,43.044,,,9.4641,,1.3854,,,
2459013,2020/6/12,Fri,40.927,42.777,,,9.4296,,1.3802,,,
2459016,2020/6/15,Mon,40.977,42.871,,,9.4554,,1.3811,,,
2459017,2020/6/16,Tue,40.973,42.999,,,9.4523,,1.3811,,,
2459018,2020/6/17,Wed,40.88,43.103,,,9.4465,,1.3792,,,
2459019,2020/6/18,Thu,40.802,42.975,,,9.4471,,1.3779,,,
2459020,2020/6/19,Fri,40.75,42.773,,,9.4316,,1.3772,,,
2459023,2020/6/22,Mon,40.839,42.708,,,9.4432,,1.3797,,,
2459024,2020/6/23,Tue,40.89,42.866,,,9.4796,,1.3838,,,
2459025,2020/6/24,Wed,40.749,42.571,,,9.4609,,1.3804,,,
2459026,2020/6/25,Thu,40.685,42.624,,,9.4427,,1.3778,,,
2459027,2020/6/26,Fri,40.674,42.638,,,9.4417,,1.3773,,,
2459030,2020/6/29,Mon,40.598,42.616,,,9.4416,,1.3774,,,
2459031,2020/6/30,Tue,40.548,42.409,,,9.4414,,1.3773,,,
2459033,2020/7/2,Thu,40.629,42.811,,,9.4541,,1.3792,,,
2459034,2020/7/3,Fri,40.622,42.88,,,9.4669,,1.379,,,
2459037,2020/7/6,Mon,40.678,42.953,,,9.4944,,1.3832,,,
2459038,2020/7/7,Tue,40.742,43.239,,,9.4859,,1.3828,,,
2459039,2020/7/8,Wed,40.77,43.085,,,9.5062,,1.3847,,,
2459040,2020/7/9,Thu,40.746,43.369,,,9.5046,,1.3849,,,
2459041,2020/7/10,Fri,40.821,43.355,,,9.5085,,1.3849,,,
2459044,2020/7/13,Mon,40.809,43.53,,,9.5138,,1.3864,,,
2459045,2020/7/14,Tue,40.885,43.801,,,9.5234,,1.387,,,
2459046,2020/7/15,Wed,40.983,43.64,,,9.53,,1.3893,,,
2459047,2020/7/16,Thu,40.908,43.983,,,9.5196,,1.3883,,,
2459048,2020/7/17,Fri,40.939,44.057,,,9.5331,,1.3892,,,
2459051,2020/7/20,Mon,40.971,44.091,,,9.5322,,1.3901,,,
2459052,2020/7/21,Tue,40.989,44.037,,,9.5252,,1.3934,,,
2459053,2020/7/22,Wed,41.07,44.062,,,9.564,,1.3961,,,
2459054,2020/7/23,Thu,41.129,44.311,,,9.563,,1.3967,,,
2459055,2020/7/24,Fri,41.252,44.394,,,9.5827,,1.3995,,,
2459058,2020/7/27,Mon,41.238,44.304,,,9.6505,,1.4059,,,
2459059,2020/7/28,Tue,41.195,44.223,,,9.7698,,1.4056,,,
2459060,2020/7/29,Wed,41.207,44.3,,,9.8209,,1.4077,,,
2459061,2020/7/30,Thu,41.34,44.324,,,9.8511,,1.4096,,,
2459062,2020/7/31,Fri,41.409,43.942,,,9.8425,,1.4106,,,
2459066,2020/8/4,Tue,41.393,43.693,,,9.7643,,1.4078,,,
2459067,2020/8/5,Wed,41.529,43.902,,,9.9599,,1.4142,,,
2459068,2020/8/6,Thu,41.534,43.938,,,10.2544,,1.4133,,,
2459069,2020/8/7,Fri,41.44,43.999,,,10.2096,,1.4089,,,
2459072,2020/8/10,Mon,41.39,43.762,,,10.2807,,1.4081,,,
2459073,2020/8/11,Tue,41.403,43.756,,,10.1951,,1.4083,,,
2459074,2020/8/12,Wed,41.382,43.697,,,10.2793,,1.4084,,,
2459075,2020/8/13,Thu,41.505,43.787,,,10.3302,,1.41,,,
2459076,2020/8/14,Fri,41.476,43.899,,,10.4139,,1.4108,,,
2459079,2020/8/17,Mon,41.531,44.012,,,10.4421,,1.4129,,,
2459080,2020/8/18,Tue,41.664,44.138,,,10.4533,,1.4176,,,
2459081,2020/8/19,Wed,41.575,44.299,,,10.3281,,1.4154,,,
2459082,2020/8/20,Thu,41.58,44.37,,,10.372,,1.4133,,,
2459083,2020/8/21,Fri,41.473,44.454,,,10.3256,,1.4099,,,
2459086,2020/8/24,Mon,41.46,44.528,,,10.4056,,1.4111,,,
2459087,2020/8/25,Tue,41.481,44.404,,,10.4459,,1.4116,,,
2459088,2020/8/26,Wed,41.501,44.176,,,10.417,,1.4127,,,
2459089,2020/8/27,Thu,41.483,44.049,,,10.3824,,1.4124,,,
2459090,2020/8/28,Fri,41.633,44.292,,,10.399,,1.4181,,,
2459093,2020/8/31,Mon,41.721,44.039,,,10.4396,,1.42,,,
2459094,2020/9/1,Tue,41.725,44.296,,,10.463,,1.421,,,
2459095,2020/9/2,Wed,41.572,44.288,,,10.4575,,1.4157,,,
2459096,2020/9/3,Thu,41.548,44.526,,,10.5282,,1.4152,,,
2459097,2020/9/4,Fri,41.485,44.37,,,10.5355,,1.4142,,,
2459101,2020/9/8,Tue,41.297,44.472,,,10.5657,,1.4113,,,
2459102,2020/9/9,Wed,41.348,44.121,,,10.577,,1.4115,,,
2459103,2020/9/10,Thu,41.382,44.203,,,10.5247,,1.4129,,,
2459104,2020/9/11,Fri,41.354,44.241,,,10.5494,,1.4113,,,
2459107,2020/9/14,Mon,41.366,44.279,,,10.598,,1.4141,,,
2459108,2020/9/15,Tue,41.339,44.208,,,10.5968,,1.4147,,,
2459109,2020/9/16,Wed,41.38,44.032,,,10.6221,,1.4157,,,
2459110,2020/9/17,Thu,41.255,44.151,,,10.6842,,1.4148,,,
2459111,2020/9/18,Fri,41.111,44.161,,,10.7214,,1.4164,,,
2459114,2020/9/21,Mon,40.893,44.245,,,10.7568,,1.4105,,,
2459115,2020/9/22,Tue,40.935,44.196,,,10.7958,,1.4089,,,
2459116,2020/9/23,Wed,41.016,44.371,,,10.8251,,1.406,,,
2459117,2020/9/24,Thu,41.164,44.343,,,10.7171,,1.4047,,,
2459118,2020/9/25,Fri,41.062,44.435,,,10.7418,,1.4033,,,
2459121,2020/9/28,Mon,40.921,44.518,,,10.9561,,1.4062,,,
2459122,2020/9/29,Tue,40.894,44.561,,,11.0294,,1.4084,,,
2459123,2020/9/30,Wed,40.787,44.455,,,10.908,,1.409,,,
2459124,2020/10/1,Thu,40.728,44.53,,,10.916,,1.4101,,,
2459125,2020/10/2,Fri,40.785,44.478,,,10.9458,,1.4095,,,
2459128,2020/10/5,Mon,40.59,44.214,,,10.9634,,1.412,,,
2459129,2020/10/6,Tue,40.648,44.113,,,10.9969,,1.4119,,,
2459130,2020/10/7,Wed,40.455,44.013,,,11.1138,,1.4107,,,
2459131,2020/10/8,Thu,40.414,43.936,,,11.1903,,1.4102,,,
2459132,2020/10/9,Fri,40.502,43.833,,,11.1436,,1.4159,,,
2459136,2020/10/13,Tue,40.584,44.018,,,11.1771,,1.4119,,,
2459137,2020/10/14,Wed,40.666,44.115,,,11.1904,,1.4138,,,
2459138,2020/10/15,Thu,40.585,44.157,,,11.1919,,1.4102,,,
2459139,2020/10/16,Fri,40.611,43.995,,,11.1856,,1.4118,,,
2459142,2020/10/19,Mon,40.669,44.092,,,11.1669,,1.4148,,,
2459143,2020/10/20,Tue,40.656,44.149,,,11.1536,,1.4161,,,
2459144,2020/10/21,Wed,40.751,44.382,,,11.1132,,1.4211,,,
2459145,2020/10/22,Thu,40.688,44.315,,,11.2531,,1.418,,,
2459146,2020/10/23,Fri,40.655,44.383,,,11.2972,,1.4186,,,
2459149,2020/10/26,Mon,40.541,44.367,,,11.4496,,1.4164,,,
2459150,2020/10/27,Tue,40.526,44.222,,,11.5841,,1.4177,,,
2459151,2020/10/28,Wed,40.432,44.243,,,11.6848,,1.4134,,,
2459152,2020/10/29,Thu,40.36,44.008,,,11.7017,,1.4105,,,
2459153,2020/10/30,Fri,40.327,44.01,,,11.8091,,1.4107,,,
2459156,2020/11/2,Mon,40.262,43.776,,,11.8813,,1.4089,,,
2459157,2020/11/3,Tue,40.456,43.877,,,11.9341,,1.4136,,,
2459158,2020/11/4,Wed,40.456,43.843,,,11.9163,,1.414,,,
2459159,2020/11/5,Thu,40.555,43.765,,,11.9806,,1.421,,,
2459160,2020/11/6,Fri,40.709,43.398,,,12.1513,,1.424,,,
2459163,2020/11/9,Mon,40.576,43.208,,,11.5325,,1.42,,,
2459164,2020/11/10,Tue,40.607,43.019,,,11.5743,,1.42,,,
2459166,2020/11/12,Thu,40.452,43.062,,,10.9208,,1.4189,,,
2459167,2020/11/13,Fri,40.474,42.879,,,10.8851,,1.4208,,,
2459170,2020/11/16,Mon,40.535,42.979,,,10.9703,,1.4219,,,
2459171,2020/11/17,Tue,40.628,42.967,,,10.9873,,1.4248,,,
2459172,2020/11/18,Wed,40.623,43.183,,,10.9774,,1.4252,,,
2459173,2020/11/19,Thu,40.608,43.22,,,10.7646,,1.4234,,,
2459174,2020/11/20,Fri,40.648,43.209,,,10.8665,,1.4249,,,
2459177,2020/11/23,Mon,40.638,43.24,,,11.2153,,1.424,,,
2459178,2020/11/24,Tue,40.606,43.192,,,11.3897,,1.4245,,,
2459179,2020/11/25,Wed,40.657,43.245,,,11.3467,,1.4267,,,
2459180,2020/11/26,Thu,40.664,43.261,,,11.2435,,1.4265,,,
2459181,2020/11/27,Fri,40.73,43.256,,,11.1713,,1.4281,,,
2459184,2020/11/30,Mon,40.797,43.281,,,11.1577,,1.4286,,,
2459185,2020/12/1,Tue,40.868,43.261,,,11.2375,,1.4316,,,
2459186,2020/12/2,Wed,40.866,43.328,,,11.2642,,1.4335,,,
2459187,2020/12/3,Thu,40.81,43.275,,,11.1857,,1.4382,,,
2459188,2020/12/4,Fri,40.568,43.186,,,11.2255,,1.4382,,,
2459191,2020/12/7,Mon,40.577,43.401,,,11.2336,,1.4366,,,
2459192,2020/12/8,Tue,40.539,43.178,,,11.2261,,1.4357,,,
2459193,2020/12/9,Wed,40.53,43.199,,,11.2207,,1.4347,,,
2459194,2020/12/10,Thu,40.489,43.065,,,11.3169,,1.4353,,,
2459195,2020/12/11,Fri,40.444,43.166,,,11.2514,,1.4345,,,
2459198,2020/12/14,Mon,40.43,43.332,,,11.3015,,1.4369,,,
2459199,2020/12/15,Tue,40.472,43.115,,,11.2714,,1.4379,,,
2459200,2020/12/16,Wed,40.533,43.243,,,11.2464,,1.4401,,,
2459201,2020/12/17,Thu,40.683,43.2,,,11.1416,,1.4446,,,
2459202,2020/12/18,Fri,40.64,43.084,,,11.023,,1.4427,,,
2459205,2020/12/21,Mon,40.58,43.248,,,11.0235,,1.4405,,,
2459206,2020/12/22,Tue,40.52,43.51,,,10.9974,,1.439,,,
2459207,2020/12/23,Wed,40.546,43.451,,,11.0026,,1.4404,,,
2459208,2020/12/24,Thu,40.524,43.343,,,10.9181,,1.441,,,
2459213,2020/12/29,Tue,40.548,43.306,,,10.6501,,1.4429,,,
2459214,2020/12/30,Wed,40.648,43.236,,,10.6595,,1.4459,,,
2459215,2020/12/31,Thu,40.606,43.225,,,10.7407,,1.4451,,,
2459219,2021/1/4,Mon,40.625,43.365,,,10.7107,,1.4465,,,
2459220,2021/1/5,Tue,40.501,43.235,,,10.7099,,1.448,,,
2459221,2021/1/6,Wed,40.559,43.364,,,10.5875,,1.4481,,,
2459222,2021/1/7,Thu,40.507,43.392,,,10.6285,,1.4453,,,
2459223,2021/1/8,Fri,40.44,43.497,,,10.6362,,1.4441,,,
2459226,2021/1/11,Mon,40.346,43.408,,,10.762,,1.4399,,,
2459227,2021/1/12,Tue,40.389,43.423,,,10.7869,,1.4421,,,
2459228,2021/1/13,Wed,40.388,43.252,,,10.687,,1.442,,,
2459229,2021/1/14,Thu,40.367,43.156,,,10.622,,1.4413,,,
2459230,2021/1/15,Fri,40.27,43.256,,,10.7331,,1.4387,,,
2459233,2021/1/18,Mon,40.242,43.281,,,10.7666,,1.4376,,,
2459234,2021/1/19,Tue,40.333,43.272,,,10.7436,,1.4401,,,
2459235,2021/1/20,Wed,40.295,43.036,,,10.683,,1.44,,,
2459236,2021/1/21,Thu,40.344,43.205,,,10.642,,1.4429,,,
2459237,2021/1/22,Fri,40.351,43.287,,,10.6874,,1.4422,,,
2459240,2021/1/25,Mon,40.344,43.268,,,10.6663,,1.4411,,,
2459241,2021/1/26,Tue,40.414,43.203,,,10.6002,,1.4429,,,
2459242,2021/1/27,Wed,40.295,43.251,,,10.6367,,1.4396,,,
2459243,2021/1/28,Thu,40.369,43.074,,,10.5975,,1.4411,,,
2459244,2021/1/29,Fri,40.373,43.082,,,10.5293,,1.4418,,,
2459247,2021/2/1,Mon,40.267,43.168,,,10.3238,,1.4378,,,
2459248,2021/2/2,Tue,40.146,43.102,,,10.3156,,1.4357,,,
2459249,2021/2/3,Wed,40.127,43.104,,,10.2745,,1.4355,,,
2459250,2021/2/4,Thu,40.114,43.165,,,10.2248,,1.4331,,,
2459251,2021/2/5,Fri,40.163,43.126,,,10.1361,,1.4359,,,
2459254,2021/2/8,Mon,40.253,43.063,,,10.1875,,1.4371,,,
2459255,2021/2/9,Tue,40.334,43.089,,,10.1991,,1.441,,,
2459256,2021/2/10,Wed,40.389,43.103,,,10.1646,,1.4419,,,
2459257,2021/2/11,Thu,40.38,43.118,,,10.1319,,1.4416,,,
2459258,2021/2/12,Fri,40.391,43.016,,,10.129,,1.4407,,,
2459262,2021/2/16,Tue,40.368,43.202,,,10.0719,,1.4404,,,
2459263,2021/2/17,Wed,40.237,43.172,,,10.0261,,1.437,,,
2459264,2021/2/18,Thu,40.193,43.302,,,10.045,,1.4392,,,
2459265,2021/2/19,Fri,40.264,43.243,,,10.0505,,1.4422,,,
2459268,2021/2/22,Mon,40.285,43.308,,,10.1578,,1.444,,,
2459269,2021/2/23,Tue,40.232,43.301,,,10.223,,1.4439,,,
2459270,2021/2/24,Wed,40.198,43.283,,,10.3719,,1.4432,,,
2459271,2021/2/25,Thu,40.231,43.755,,,10.5242,,1.4455,,,
2459272,2021/2/26,Fri,40.089,43.821,,,10.695,,1.4392,,,
2459275,2021/3/1,Mon,39.993,43.399,,,10.4497,,1.4369,,,
2459276,2021/3/2,Tue,40.033,43.397,,,10.5838,,1.4376,,,
2459277,2021/3/3,Wed,39.928,43.588,,,10.6946,,1.4377,,,
2459278,2021/3/4,Thu,39.96,43.512,,,10.7088,,1.4347,,,
2459279,2021/3/5,Fri,39.929,43.485,,,10.7673,,1.4288,,,
2459282,2021/3/8,Mon,40.242,43.848,,,11.0028,,1.4253,,,
2459283,2021/3/9,Tue,40.377,44.044,,,10.9005,,1.4278,,,
2459284,2021/3/10,Wed,40.443,43.921,,,10.7591,,1.4286,,,
2459285,2021/3/11,Thu,40.317,43.7,,,10.7249,,1.4319,,,
2459286,2021/3/12,Fri,40.355,43.799,,,10.8225,,1.4294,,,
2459289,2021/3/15,Mon,40.365,43.908,,,10.7795,,1.4286,,,
2459290,2021/3/16,Tue,40.349,43.851,,,10.7079,,1.428,,,
2459291,2021/3/17,Wed,40.429,43.945,,,10.7714,,1.4284,,,
2459292,2021/3/18,Thu,40.574,44.153,,,10.4704,,1.4288,,,
2459293,2021/3/19,Fri,40.56,44.001,,,10.3241,,1.4273,,,
2459296,2021/3/22,Mon,40.584,44.164,,,11.2014,,1.4287,,,
2459297,2021/3/23,Tue,40.57,44.138,,,11.2484,,1.4255,,,
2459298,2021/3/24,Wed,40.544,44.026,,,11.2781,,1.423,,,
2459299,2021/3/25,Thu,40.659,44.321,,,11.3069,,1.4208,,,
2459300,2021/3/26,Fri,40.672,44.229,,,11.444,,1.4209,,,
2459303,2021/3/29,Mon,40.545,44.277,,,11.6257,,1.4197,,,
2459304,2021/3/30,Tue,40.407,44.343,,,11.8101,,1.4165,,,
2459305,2021/3/31,Wed,40.36,44.209,,,11.7128,,1.4176,,,
2459306,2021/4/1,Thu,40.431,44.278,,,11.5377,,1.4187,,,
2459310,2021/4/5,Mon,40.477,,,,11.5372,,1.4213,,,
2459311,2021/4/6,Tue,40.509,44.636,,,11.5931,,1.4234,,,
2459312,2021/4/7,Wed,40.478,44.718,,,11.63,,1.4241,,,
2459313,2021/4/8,Thu,40.556,44.8,,,11.6125,,1.4254,,,
2459314,2021/4/9,Fri,40.51,44.678,,,11.631,,1.4242,,,
2459317,2021/4/12,Mon,40.558,44.947,,,11.6196,,1.4255,,,
2459318,2021/4/13,Tue,40.612,44.851,,,11.6072,,1.4266,,,
2459319,2021/4/14,Wed,40.655,44.716,,,11.5612,,1.4289,,,
2459320,2021/4/15,Thu,40.493,44.761,,,11.5103,,1.4294,,,
2459321,2021/4/16,Fri,40.522,44.642,,,11.5419,,1.4299,,,
2459324,2021/4/19,Mon,40.368,44.882,,,11.5992,,1.4343,,,
2459325,2021/4/20,Tue,40.324,45.044,,,11.6417,,1.4344,,,
2459326,2021/4/21,Wed,40.288,44.682,,,11.744,,1.4339,,,
2459327,2021/4/22,Thu,40.265,44.906,,,11.9028,,1.4331,,,
2459328,2021/4/23,Fri,40.282,45.056,,,12.017,,1.4356,,,
2459331,2021/4/26,Mon,39.984,45.06,,,11.9071,,1.4361,,,
2459332,2021/4/27,Tue,40.056,45.066,,,11.7939,,1.4358,,,
2459333,2021/4/28,Wed,40.063,44.911,,,11.7822,,1.4359,,,
2459334,2021/4/29,Thu,40.057,44.869,,,11.8267,,1.4374,,,
2459335,2021/4/30,Fri,40.032,44.693,,,11.8665,,1.4334,,,
2459338,2021/5/3,Mon,40.081,44.69,,,11.8703,,1.4346,,,
2459339,2021/5/4,Tue,40.089,44.565,,,11.921,,1.4326,,,
2459340,2021/5/5,Wed,40.063,44.581,,,11.9318,,1.4322,,,
2459341,2021/5/6,Thu,40.103,44.703,,,11.9055,,1.4345,,,
2459342,2021/5/7,Fri,40.043,44.788,,,11.8742,,1.4398,,,
2459345,2021/5/10,Mon,39.999,44.734,,,11.9231,,1.4422,,,
2459346,2021/5/11,Tue,40.3,44.831,,,11.9657,,1.4423,,,
2459347,2021/5/12,Wed,40.278,44.924,,,12.1003,,1.4375,,,
2459348,2021/5/13,Thu,40.172,45.079,,,12.2148,,1.4366,,,
2459349,2021/5/14,Fri,40.265,45.084,,,12.1583,,1.4398,,,
2459352,2021/5/17,Mon,40.5,45.189,,,12.0046,,1.4408,,,
2459353,2021/5/18,Tue,40.373,45.5,,,12.0644,,1.4446,,,
2459354,2021/5/19,Wed,40.385,45.467,,,12.121,,1.4435,,,
2459355,2021/5/20,Thu,40.377,45.181,,,12.0962,,1.4441,,,
2459356,2021/5/21,Fri,40.331,45.326,,,12.1105,,1.4429,,,
2459360,2021/5/25,Tue,40.33,45.41,,,12.2319,,1.4457,,,
2459361,2021/5/26,Wed,40.135,45.198,,,12.2058,,1.4443,,,
2459362,2021/5/27,Thu,40.148,45.135,,,12.2675,,1.4439,,,
2459363,2021/5/28,Fri,39.994,45.068,,,12.3727,,1.4435,,,
2459366,2021/5/31,Mon,39.845,45.1,,,12.27,,1.4453,,,
2459367,2021/6/1,Tue,39.872,45.09,,,12.3085,,1.4455,,,
2459368,2021/6/2,Wed,39.92,44.929,,,12.4144,,1.4442,,,
2459369,2021/6/3,Thu,39.881,44.947,,,12.529,,1.44,,,
2459370,2021/6/4,Fri,39.904,44.959,,,12.4946,,1.4424,,,
2459373,2021/6/7,Mon,40.028,45.032,,,12.4488,,1.4436,,,
2459374,2021/6/8,Tue,39.985,45.095,,,12.4135,,1.4428,,,
2459375,2021/6/9,Wed,39.999,45.034,,,12.3973,,1.4432,,,
2459376,2021/6/10,Thu,39.928,44.923,,,12.1848,,1.4427,,,
2459377,2021/6/11,Fri,39.827,44.849,,,12.0606,,1.4396,,,
2459380,2021/6/14,Mon,39.886,44.743,,,12.1067,,1.4398,,,
2459381,2021/6/15,Tue,39.812,44.829,,,12.3096,,1.4392,,,
2459382,2021/6/16,Wed,39.784,44.859,,,12.298,,1.4385,,,
2459383,2021/6/17,Thu,39.696,44.906,,,12.4264,,1.4288,,,
2459384,2021/6/18,Fri,39.643,45.023,,,12.4472,,1.4262,,,
2459387,2021/6/21,Mon,39.878,45.021,,,12.5259,,1.428,,,
2459388,2021/6/22,Tue,39.971,45.191,,,12.3783,,1.4276,,,
2459389,2021/6/23,Wed,39.976,45.473,,,12.3471,,1.429,,,
2459390,2021/6/24,Thu,39.968,45.558,,,12.4311,,1.4282,,,
2459391,2021/6/25,Fri,39.873,45.442,,,12.5039,,1.429,,,
2459394,2021/6/28,Mon,39.856,45.677,,,12.432,,1.4281,,,
2459395,2021/6/29,Tue,39.852,45.849,,,12.4587,,1.4266,,,
2459396,2021/6/30,Wed,39.76,45.719,,,12.3913,,1.4247,,,
2459398,2021/7/2,Fri,39.785,45.591,,,12.3751,,1.4235,,,
2459401,2021/7/5,Mon,39.744,45.706,,,12.3531,,1.4252,,,
2459402,2021/7/6,Tue,39.832,46.134,,,12.3608,,1.4232,,,
2459403,2021/7/7,Wed,39.821,46.053,,,12.3653,,1.4224,,,
2459404,2021/7/8,Thu,39.909,46.165,,,12.3766,,1.4242,,,
2459405,2021/7/9,Fri,39.908,46.335,,,12.352,,1.4257,,,
2459408,2021/7/12,Mon,39.92,46.48,,,12.3104,,1.4254,,,
2459409,2021/7/13,Tue,39.87,46.538,,,12.2462,,1.4229,,,
2459410,2021/7/14,Wed,39.877,46.551,,,12.2428,,1.4244,,,
2459411,2021/7/15,Thu,39.76,46.658,,,12.2018,,1.4238,,,
2459412,2021/7/16,Fri,39.813,46.634,,,12.1217,,1.4227,,,
2459415,2021/7/19,Mon,39.943,46.675,,,12.2005,,1.4219,,,
2459416,2021/7/20,Tue,39.838,46.492,,,12.1576,,1.4201,,,
2459417,2021/7/21,Wed,39.823,46.367,,,12.1967,,1.4213,,,
2459418,2021/7/22,Thu,39.836,46.79,,,12.1791,,1.4217,,,
2459419,2021/7/23,Fri,39.83,46.801,,,12.1523,,1.4206,,,
2459422,2021/7/26,Mon,39.909,46.825,,,12.1768,,1.4225,,,
2459423,2021/7/27,Tue,39.944,46.974,,,12.1981,,1.4237,,,
2459424,2021/7/28,Wed,39.803,46.734,,,12.1906,,1.4232,,,
2459425,2021/7/29,Thu,39.844,46.837,,,12.0969,,1.4283,,,
2459426,2021/7/30,Fri,39.861,47.004,,,12.0149,,1.4269,,,
2459430,2021/8/3,Tue,39.845,47.245,,,12.0016,,1.4274,,,
2459431,2021/8/4,Wed,39.629,47.234,,,12.076,,1.4266,,,
2459432,2021/8/5,Thu,39.601,47.374,,,12.1725,,1.426,,,
2459433,2021/8/6,Fri,39.574,47.573,,,12.2638,,1.4218,,,
2459436,2021/8/9,Mon,39.542,47.613,,,12.2788,,1.4209,,,
2459437,2021/8/10,Tue,39.521,47.391,,,12.2145,,1.4192,,,
2459438,2021/8/11,Wed,39.527,47.276,,,12.2929,,1.4204,,,
2459439,2021/8/12,Thu,39.496,46.896,,,12.1679,,1.4199,,,
2459440,2021/8/13,Fri,39.597,47.423,,,12.1465,,1.423,,,
2459443,2021/8/16,Mon,39.598,47.64,,,12.053,,1.4231,,,
2459444,2021/8/17,Tue,39.627,47.351,,,11.9783,,1.4196,,,
2459445,2021/8/18,Wed,39.53,47.265,,,12.018,,1.4188,,,
2459446,2021/8/19,Thu,39.705,47.375,,,12.0836,,1.4169,,,
2459447,2021/8/20,Fri,39.682,47.064,,,12.0438,,1.4165,,,
2459450,2021/8/23,Mon,39.672,47.198,,,11.9942,,1.4196,,,
2459451,2021/8/24,Tue,39.686,46.637,,,11.9561,,1.4205,,,
2459452,2021/8/25,Wed,39.643,46.496,,,11.9167,,1.4203,,,
2459453,2021/8/26,Thu,39.667,46.644,,,11.9053,,1.4201,,,
2459454,2021/8/27,Fri,39.658,46.263,,,11.8896,,1.4219,,,
2459457,2021/8/30,Mon,39.508,46.152,,,11.9286,,1.4226,,,
2459458,2021/8/31,Tue,39.368,45.971,,,11.8388,,1.4234,,,
2459459,2021/9/1,Wed,39.499,46.116,,,11.8237,,1.4246,,,
2459460,2021/9/2,Thu,39.458,46.117,,,11.8089,,1.4257,,,
2459461,2021/9/3,Fri,39.434,46.387,,,11.859,,1.4277,,,
2459465,2021/9/7,Tue,39.375,46.512,,,11.8828,,1.4245,,,
2459466,2021/9/8,Wed,39.456,46.619,,,12.0448,,1.4234,,,
2459467,2021/9/9,Thu,39.427,46.496,,,12.0442,,1.4249,,,
2459468,2021/9/10,Fri,39.386,46.636,,,12.0317,,1.425,,,
2459471,2021/9/13,Mon,39.418,46.796,,,12.0171,,1.4236,,,
2459472,2021/9/14,Tue,39.456,46.979,,,12.037,,1.4251,,,
2459473,2021/9/15,Wed,39.447,46.706,,,12.0287,,1.4253,,,
2459474,2021/9/16,Thu,39.451,47.187,,,12.1028,,1.4219,,,
2459475,2021/9/17,Fri,39.437,47.432,,,12.2591,,1.4205,,,
2459478,2021/9/20,Mon,39.513,47.239,,,12.3108,,1.4194,,,
"(C) 2021 Prof. Werner Antweiler, UBC",,,,,,,,,,,,
